bridge_form,pair,n,L0,peak,peak_layer,final,null95
current,economics vs geography,183,0.0011521023698151112,0.26907166838645935,2,0.12519966065883636,0.008620537351816891
current,economics vs physics,380,0.022069644182920456,0.600448489189148,2,0.4409138858318329,0.048799058608710734
current,geography vs physics,401,0.03312147036194801,0.45673102140426636,2,0.3151100277900696,0.03224119376391169
bank,economics vs geography,600,0.12153163552284241,0.47561630606651306,2,0.4365962743759155,0.06053534951061009
field,mathematics vs physics,552,0.004495909903198481,0.4170793890953064,2,0.37175583839416504,0.017208127956837408
mass,history vs physics,151,-0.00429394468665123,0.5221272706985474,2,0.3731626272201538,0.017715423274785265
mass,history vs sociology,151,0.027549583464860916,0.22211645543575287,4,0.1601690798997879,0.01320493151433763
mass,physics vs sociology,182,0.022800076752901077,0.5493305921554565,3,0.40172532200813293,0.008442673692479714
wave,history vs physics,310,0.17786070704460144,0.5466660261154175,2,0.42903614044189453,0.1326918020844457
charge,chemistry vs physics,221,-0.008159159682691097,0.1524408608675003,4,0.14588168263435364,0.02040809933096168
charge,chemistry vs political_science,97,0.0023915295023471117,0.5704497694969177,3,0.47275248169898987,0.03257804401218888
charge,physics vs political_science,210,0.001531594549305737,0.5850287079811096,2,0.46805089712142944,0.054461602680385086
cell,biology vs computer_science,1048,0.09148441255092621,0.45409899950027466,2,0.33063414692878723,0.05993867330253115
cell,biology vs political_science,1030,0.12395955622196198,0.6157263517379761,2,0.4887397289276123,0.11942579373717299
cell,computer_science vs political_science,28,-0.0021707245614379644,0.5417453646659851,2,0.5214619040489197,0.13587474375963188
